id_cliente,nombre_cliente,apellido,telefono,email
1,Simeon,Camfield,+7 938 765 2616,scamfield0@discuz.net
2,Ange,Ionnisian,+591 762 938 7968,aionnisian1@buzzfeed.com
3,Zebulen,Boumphrey,+66 939 253 9754,zboumphrey2@cargocollective.com
4,Galven,Duplan,+850 994 728 4120,gduplan3@stumbleupon.com
5,Zandra,Karlowicz,+63 372 358 0482,zkarlowicz4@google.co.uk
6,Mavis,Pottell,+505 889 650 6824,mpottell5@google.com
7,Cyrus,Saladino,+62 846 205 2725,csaladino6@wikipedia.org
8,Katleen,Castelluzzi,+62 809 830 6475,kcastelluzzi7@google.it
9,Niles,Gelling,+63 493 443 9791,ngelling8@hhs.gov
10,Marylin,Gwinnett,+62 156 660 1344,mgwinnett9@ebay.co.uk
11,Aharon,Snarr,+86 652 186 6977,asnarra@prweb.com
12,Sabine,Bilby,+63 888 293 2600,sbilbyb@over-blog.com
13,Barron,Davison,+389 306 364 3174,bdavisonc@cpanel.net
14,Tanny,Jallin,+55 906 704 6536,tjallind@sohu.com
15,Rosmunda,Geraudel,+86 696 398 6633,rgeraudele@xrea.com
16,Edythe,Gaisford,+86 503 488 8084,egaisfordf@msu.edu
17,Prudy,Dinneen,+63 652 355 5168,pdinneeng@smh.com.au
18,Tedi,Fellis,+389 744 901 7878,tfellish@imdb.com
19,Bertram,Gershom,+86 418 952 2389,bgershomi@mysql.com
20,Cordy,Cadlock,+351 745 480 0102,ccadlockj@last.fm
21,Jedd,Castagnier,+34 971 769 8935,jcastagnierk@weibo.com
22,Jeri,Aiskovitch,+352 749 131 4304,jaiskovitchl@paginegialle.it
23,Filmore,Dubock,+355 122 340 4369,fdubockm@xing.com
24,Danice,Kettridge,+420 666 612 5742,dkettridgen@upenn.edu
25,Mariam,Poulney,+224 601 162 1057,mpoulneyo@hubpages.com
26,Norbert,Snepp,+62 870 938 4997,nsneppp@mayoclinic.com
27,Kip,Aronovich,+49 722 893 0480,karonovichq@tmall.com
28,Ricard,Thomton,+63 174 954 2207,rthomtonr@theguardian.com
29,Cly,Kiley,+234 228 185 5749,ckileys@diigo.com
30,Valentia,Brazener,+27 969 328 0728,vbrazenert@forbes.com
31,Markus,Tammadge,+48 500 502 3507,mtammadgeu@disqus.com
32,Joanie,Cristoforetti,+86 620 966 8366,jcristoforettiv@patch.com
33,Tiphany,Haggerstone,+98 747 544 4567,thaggerstonew@wp.com
34,Regen,Raisher,+7 173 305 6880,rraisherx@blogs.com
35,Rhianon,Turney,+86 577 534 0330,rturneyy@baidu.com
36,Hewitt,Fraschetti,+963 774 907 8369,hfraschettiz@wp.com
37,Kelvin,Kisbey,+63 401 291 3919,kkisbey10@thetimes.co.uk
38,Levey,Charker,+994 546 763 7934,lcharker11@salon.com
39,Lenette,Zanetello,+84 457 742 1174,lzanetello12@oaic.gov.au
40,Marie-jeanne,Milnthorpe,+234 368 771 0494,mmilnthorpe13@sina.com.cn
41,Lorne,Zecchii,+63 712 805 8438,lzecchii14@si.edu
42,Carlyn,Eccleshall,+63 236 789 4926,ceccleshall15@over-blog.com
43,Dona,Gurner,+55 965 628 9357,dgurner16@google.com.br
44,Francklyn,Boutellier,+380 886 675 4018,fboutellier17@cbsnews.com
45,Meg,Housego,+7 236 103 7225,mhousego18@amazon.com
46,Theresina,Cattlemull,+92 262 268 0262,tcattlemull19@mozilla.com
47,Lois,Oger,+86 707 466 7424,loger1a@mapquest.com
48,Euell,Ebben,+52 201 223 3503,eebben1b@ucsd.edu
49,Rossie,Godbert,+375 835 758 8216,rgodbert1c@eventbrite.com
50,Marcy,Schruurs,+86 339 316 7893,mschruurs1d@bbb.org
51,Bambie,Delacroix,+63 201 244 3168,bdelacroix1e@123-reg.co.uk
52,Helyn,Lemmen,+1 276 183 5085,hlemmen1f@umn.edu
53,Umberto,Bracey,+86 140 121 6152,ubracey1g@google.cn
54,Lindsey,Wyborn,+7 298 236 8040,lwyborn1h@amazonaws.com
55,Lockwood,Hug,+94 390 317 6637,lhug1i@tripod.com
56,Sheena,Romand,+420 302 653 6020,sromand1j@seattletimes.com
57,Felix,Wemes,+33 748 178 5588,fwemes1k@china.com.cn
58,Hazel,Eastgate,+55 821 445 0885,heastgate1l@rakuten.co.jp
59,Jedd,Arrell,+63 141 140 7175,jarrell1m@skyrock.com
60,Billie,Tills,+351 668 432 8955,btills1n@salon.com
61,Martainn,Evetts,+95 625 445 2139,mevetts1o@sciencedaily.com
62,Doris,Toffetto,+66 714 857 5237,dtoffetto1p@netlog.com
63,Hyatt,Tofpik,+57 173 365 1812,htofpik1q@angelfire.com
64,Janina,Bloomfield,+56 796 930 2169,jbloomfield1r@si.edu
65,Druci,Ferencz,+212 563 106 2476,dferencz1s@google.ru
66,Arden,Faas,+86 982 537 3800,afaas1t@jimdo.com
67,Rudy,Di Franceschi,+420 964 503 6582,rdifranceschi1u@spiegel.de
68,Candice,Borman,+43 452 616 6431,cborman1v@google.com
69,Shelden,Sorsbie,+63 700 856 4152,ssorsbie1w@newyorker.com
70,Billi,Huggens,+55 190 384 9011,bhuggens1x@dedecms.com
71,Danella,Behr,+240 612 233 7754,dbehr1y@a8.net
72,Natal,Alway,+505 539 406 7450,nalway1z@furl.net
73,Tripp,Ewington,+57 522 418 6890,tewington20@trellian.com
74,Orson,Alyonov,+595 117 762 1108,oalyonov21@51.la
75,Louis,Peerman,+7 324 648 9159,lpeerman22@intel.com
76,Hillard,Warlock,+1 323 581 7632,hwarlock23@myspace.com
77,Malinde,Roylance,+86 745 272 0486,mroylance24@nps.gov
78,Bibby,Streeten,+63 798 213 8454,bstreeten25@cafepress.com
79,Christos,Hruska,+7 639 583 8586,chruska26@odnoklassniki.ru
80,Fawn,Moth,+234 748 612 2642,fmoth27@jimdo.com
81,Ezechiel,Arlow,+33 261 153 8310,earlow28@cargocollective.com
82,Antonius,Creagh,+62 611 823 1836,acreagh29@hao123.com
83,Lamont,Liversley,+48 364 852 0357,lliversley2a@unblog.fr
84,Maxie,Merrisson,+86 555 360 6357,mmerrisson2b@va.gov
85,Corette,Frift,+856 636 263 2577,cfrift2c@huffingtonpost.com
86,Neel,Mongan,+48 460 660 1697,nmongan2d@ft.com
87,Wilow,Jochen,+33 239 751 9323,wjochen2e@apache.org
88,Maiga,Coulling,+967 235 544 8010,mcoulling2f@wufoo.com
89,Townsend,Runciman,+7 623 270 6621,trunciman2g@skype.com
90,Riley,Huke,+86 779 923 3600,rhuke2h@domainmarket.com
91,Dewitt,Heasly,+86 314 682 0060,dheasly2i@webmd.com
92,Langston,Conlaund,+389 893 391 1222,lconlaund2j@symantec.com
93,Inga,Jarrett,+55 603 723 6902,ijarrett2k@sfgate.com
94,Afton,Shakelade,+66 894 133 7348,ashakelade2l@merriam-webster.com
95,Ike,Domke,+7 797 433 9271,idomke2m@taobao.com
96,Lynea,Wetherby,+7 369 579 0017,lwetherby2n@businesswire.com
97,Barnebas,Edson,+420 417 599 4113,bedson2o@ft.com
98,Robena,Pruvost,+1 202 411 9703,rpruvost2p@mail.ru
99,Hyacinthe,Fessier,+66 730 758 1496,hfessier2q@yolasite.com
100,Philipa,Dogg,+1 412 400 6916,pdogg2r@yolasite.com
